{
  "resources":[
    {"pattern":"\\QMETA-INF/spring-autoconfigure-metadata.properties\\E"}, 
    {"pattern":"\\QMETA-INF/spring.components\\E"}, 
    {"pattern":"\\QMETA-INF/spring.factories\\E"}, 
    {"pattern":"\\Qapplication.yaml\\E"}, 
    {"pattern":"\\Qcom/ews/mock/rp/Application.class\\E"}, 
    {"pattern":"\\Qcom/ews/mock/rp/config/AppConfig.class\\E"}, 
    {"pattern":"\\Qcom/ews/mock/rp/config/CertConfig.class\\E"}, 
    {"pattern":"\\Qcom/ews/mock/rp/config/JWKSAuthConfig.class\\E"}, 
    {"pattern":"\\Qcom/ews/mock/rp/config/OpenIdConfig.class\\E"}, 
    {"pattern":"\\Qcom/ews/mock/rp/config/RequestLoggingFilterConfig.class\\E"}, 
    {"pattern":"\\Qcom/ews/mock/rp/config/WebConfig.class\\E"}, 
    {"pattern":"\\Qcom/ews/mock/rp/config/WebSecurityConfig.class\\E"}, 
    {"pattern":"\\Qcom/ews/mock/rp/controllers/JWKController.class\\E"}, 
    {"pattern":"\\Qcom/ews/mock/rp/controllers/OauthUseCase.class\\E"}, 
    {"pattern":"\\Qcom/ews/mock/rp/controllers/ProductController.class\\E"}, 
    {"pattern":"\\Qcom/ews/mock/rp/controllers/SignUpController.class\\E"}, 
    {"pattern":"\\Qcom/ews/mock/rp/controllers/SignUpResponseUseCase.class\\E"}, 
    {"pattern":"\\Qcom/ews/mock/rp/controllers/SignUpUseCase.class\\E"}, 
    {"pattern":"\\Qcom/ews/mock/rp/controllers/app/RPComplete.class\\E"}, 
    {"pattern":"\\Qcom/ews/mock/rp/controllers/app/RPInitiate.class\\E"}, 
    {"pattern":"\\Qcom/ews/mock/rp/services/CreateRedirectUseCase.class\\E"}, 
    {"pattern":"\\Qcom/ews/mock/rp/services/JWKService.class\\E"}, 
    {"pattern":"\\Qcom/ews/mock/rp/services/RelyingPartySession.class\\E"}, 
    {"pattern":"\\Qcom/ews/mock/rp/services/XidService.class\\E"}, 
    {"pattern":"\\Qcom/ews/mock/rp/utils/JwtHelper.class\\E"}, 
    {"pattern":"\\Qfaqs.json\\E"}, 
    {"pattern":"\\Qorg/apache/catalina/core/RestrictedFilters.properties\\E"}, 
    {"pattern":"\\Qorg/apache/catalina/core/RestrictedListeners.properties\\E"}, 
    {"pattern":"\\Qorg/apache/catalina/core/RestrictedServlets.properties\\E"}, 
    {"pattern":"\\Qorg/apache/catalina/loader/JdbcLeakPrevention.class\\E"}, 
    {"pattern":"\\Qorg/apache/catalina/util/CharsetMapperDefault.properties\\E"}, 
    {"pattern":"\\Qorg/apache/catalina/util/ServerInfo.properties\\E"}, 
    {"pattern":"\\Qorg/slf4j/impl/StaticLoggerBinder.class\\E"}, 
    {"pattern":"\\Qorg/springframework/beans/factory/Aware.class\\E"}, 
    {"pattern":"\\Qorg/springframework/beans/factory/BeanClassLoaderAware.class\\E"}, 
    {"pattern":"\\Qorg/springframework/beans/factory/BeanFactoryAware.class\\E"}, 
    {"pattern":"\\Qorg/springframework/beans/factory/config/BeanFactoryPostProcessor.class\\E"}, 
    {"pattern":"\\Qorg/springframework/boot/autoconfigure/AbstractDependsOnBeanFactoryPostProcessor.class\\E"}, 
    {"pattern":"\\Qorg/springframework/boot/autoconfigure/AutoConfigureAfter.class\\E"}, 
    {"pattern":"\\Qorg/springframework/boot/autoconfigure/AutoConfigureBefore.class\\E"}, 
    {"pattern":"\\Qorg/springframework/boot/autoconfigure/AutoConfigureOrder.class\\E"}, 
    {"pattern":"\\Qorg/springframework/boot/autoconfigure/admin/SpringApplicationAdminJmxAutoConfiguration.class\\E"}, 
    {"pattern":"\\Qorg/springframework/boot/autoconfigure/aop/AopAutoConfiguration$AspectJAutoProxyingConfiguration.class\\E"}, 
    {"pattern":"\\Qorg/springframework/boot/autoconfigure/aop/AopAutoConfiguration$ClassProxyingConfiguration.class\\E"}, 
    {"pattern":"\\Qorg/springframework/boot/autoconfigure/aop/AopAutoConfiguration.class\\E"}, 
    {"pattern":"\\Qorg/springframework/boot/autoconfigure/availability/ApplicationAvailabilityAutoConfiguration.class\\E"}, 
    {"pattern":"\\Qorg/springframework/boot/autoconfigure/cache/CacheAutoConfiguration$CacheConfigurationImportSelector.class\\E"}, 
    {"pattern":"\\Qorg/springframework/boot/autoconfigure/cache/CacheAutoConfiguration$CacheManagerEntityManagerFactoryDependsOnPostProcessor.class\\E"}, 
    {"pattern":"\\Qorg/springframework/boot/autoconfigure/cache/CacheAutoConfiguration$CacheManagerValidator.class\\E"}, 
    {"pattern":"\\Qorg/springframework/boot/autoconfigure/cache/CacheAutoConfiguration.class\\E"}, 
    {"pattern":"\\Qorg/springframework/boot/autoconfigure/cache/CaffeineCacheConfiguration.class\\E"}, 
    {"pattern":"\\Qorg/springframework/boot/autoconfigure/cache/GenericCacheConfiguration.class\\E"}, 
    {"pattern":"\\Qorg/springframework/boot/autoconfigure/cache/NoOpCacheConfiguration.class\\E"}, 
    {"pattern":"\\Qorg/springframework/boot/autoconfigure/cache/SimpleCacheConfiguration.class\\E"}, 
    {"pattern":"\\Qorg/springframework/boot/autoconfigure/condition/ConditionalOnBean.class\\E"}, 
    {"pattern":"\\Qorg/springframework/boot/autoconfigure/condition/ConditionalOnClass.class\\E"}, 
    {"pattern":"\\Qorg/springframework/boot/autoconfigure/condition/ConditionalOnMissingBean.class\\E"}, 
    {"pattern":"\\Qorg/springframework/boot/autoconfigure/condition/ConditionalOnProperty.class\\E"}, 
    {"pattern":"\\Qorg/springframework/boot/autoconfigure/condition/ConditionalOnWebApplication.class\\E"}, 
    {"pattern":"\\Qorg/springframework/boot/autoconfigure/context/ConfigurationPropertiesAutoConfiguration.class\\E"}, 
    {"pattern":"\\Qorg/springframework/boot/autoconfigure/context/LifecycleAutoConfiguration.class\\E"}, 
    {"pattern":"\\Qorg/springframework/boot/autoconfigure/context/MessageSourceAutoConfiguration.class\\E"}, 
    {"pattern":"\\Qorg/springframework/boot/autoconfigure/context/PropertyPlaceholderAutoConfiguration.class\\E"}, 
    {"pattern":"\\Qorg/springframework/boot/autoconfigure/data/jpa/EntityManagerFactoryDependsOnPostProcessor.class\\E"}, 
    {"pattern":"\\Qorg/springframework/boot/autoconfigure/http/GsonHttpMessageConvertersConfiguration.class\\E"}, 
    {"pattern":"\\Qorg/springframework/boot/autoconfigure/http/HttpMessageConvertersAutoConfiguration$NotReactiveWebApplicationCondition$ReactiveWebApplication.class\\E"}, 
    {"pattern":"\\Qorg/springframework/boot/autoconfigure/http/HttpMessageConvertersAutoConfiguration$NotReactiveWebApplicationCondition.class\\E"}, 
    {"pattern":"\\Qorg/springframework/boot/autoconfigure/http/HttpMessageConvertersAutoConfiguration$StringHttpMessageConverterConfiguration.class\\E"}, 
    {"pattern":"\\Qorg/springframework/boot/autoconfigure/http/HttpMessageConvertersAutoConfiguration.class\\E"}, 
    {"pattern":"\\Qorg/springframework/boot/autoconfigure/http/JacksonHttpMessageConvertersConfiguration$MappingJackson2HttpMessageConverterConfiguration.class\\E"}, 
    {"pattern":"\\Qorg/springframework/boot/autoconfigure/http/JacksonHttpMessageConvertersConfiguration$MappingJackson2XmlHttpMessageConverterConfiguration.class\\E"}, 
    {"pattern":"\\Qorg/springframework/boot/autoconfigure/http/JacksonHttpMessageConvertersConfiguration.class\\E"}, 
    {"pattern":"\\Qorg/springframework/boot/autoconfigure/http/JsonbHttpMessageConvertersConfiguration.class\\E"}, 
    {"pattern":"\\Qorg/springframework/boot/autoconfigure/info/ProjectInfoAutoConfiguration$GitResourceAvailableCondition.class\\E"}, 
    {"pattern":"\\Qorg/springframework/boot/autoconfigure/info/ProjectInfoAutoConfiguration.class\\E"}, 
    {"pattern":"\\Qorg/springframework/boot/autoconfigure/jackson/JacksonAutoConfiguration$Jackson2ObjectMapperBuilderCustomizerConfiguration$StandardJackson2ObjectMapperBuilderCustomizer.class\\E"}, 
    {"pattern":"\\Qorg/springframework/boot/autoconfigure/jackson/JacksonAutoConfiguration$Jackson2ObjectMapperBuilderCustomizerConfiguration.class\\E"}, 
    {"pattern":"\\Qorg/springframework/boot/autoconfigure/jackson/JacksonAutoConfiguration$JacksonObjectMapperBuilderConfiguration.class\\E"}, 
    {"pattern":"\\Qorg/springframework/boot/autoconfigure/jackson/JacksonAutoConfiguration$JacksonObjectMapperConfiguration.class\\E"}, 
    {"pattern":"\\Qorg/springframework/boot/autoconfigure/jackson/JacksonAutoConfiguration$ParameterNamesModuleConfiguration.class\\E"}, 
    {"pattern":"\\Qorg/springframework/boot/autoconfigure/jackson/JacksonAutoConfiguration.class\\E"}, 
    {"pattern":"\\Qorg/springframework/boot/autoconfigure/jmx/JmxAutoConfiguration.class\\E"}, 
    {"pattern":"\\Qorg/springframework/boot/autoconfigure/mail/MailSenderValidatorAutoConfiguration.class\\E"}, 
    {"pattern":"\\Qorg/springframework/boot/autoconfigure/security/SecurityDataConfiguration.class\\E"}, 
    {"pattern":"\\Qorg/springframework/boot/autoconfigure/security/reactive/ReactiveUserDetailsServiceAutoConfiguration$ReactiveUserDetailsServiceCondition$RSocketSecurityEnabledCondition.class\\E"}, 
    {"pattern":"\\Qorg/springframework/boot/autoconfigure/security/reactive/ReactiveUserDetailsServiceAutoConfiguration$ReactiveUserDetailsServiceCondition$ReactiveWebApplicationCondition.class\\E"}, 
    {"pattern":"\\Qorg/springframework/boot/autoconfigure/security/reactive/ReactiveUserDetailsServiceAutoConfiguration$ReactiveUserDetailsServiceCondition.class\\E"}, 
    {"pattern":"\\Qorg/springframework/boot/autoconfigure/security/reactive/ReactiveUserDetailsServiceAutoConfiguration.class\\E"}, 
    {"pattern":"\\Qorg/springframework/boot/autoconfigure/security/servlet/SecurityAutoConfiguration.class\\E"}, 
    {"pattern":"\\Qorg/springframework/boot/autoconfigure/security/servlet/SecurityFilterAutoConfiguration.class\\E"}, 
    {"pattern":"\\Qorg/springframework/boot/autoconfigure/security/servlet/SpringBootWebSecurityConfiguration$DefaultConfigurerAdapter.class\\E"}, 
    {"pattern":"\\Qorg/springframework/boot/autoconfigure/security/servlet/SpringBootWebSecurityConfiguration.class\\E"}, 
    {"pattern":"\\Qorg/springframework/boot/autoconfigure/security/servlet/UserDetailsServiceAutoConfiguration.class\\E"}, 
    {"pattern":"\\Qorg/springframework/boot/autoconfigure/security/servlet/WebSecurityEnablerConfiguration.class\\E"}, 
    {"pattern":"\\Qorg/springframework/boot/autoconfigure/task/TaskExecutionAutoConfiguration.class\\E"}, 
    {"pattern":"\\Qorg/springframework/boot/autoconfigure/task/TaskSchedulingAutoConfiguration.class\\E"}, 
    {"pattern":"\\Qorg/springframework/boot/autoconfigure/thymeleaf/ThymeleafAutoConfiguration$DataAttributeDialectConfiguration.class\\E"}, 
    {"pattern":"\\Qorg/springframework/boot/autoconfigure/thymeleaf/ThymeleafAutoConfiguration$DefaultTemplateResolverConfiguration.class\\E"}, 
    {"pattern":"\\Qorg/springframework/boot/autoconfigure/thymeleaf/ThymeleafAutoConfiguration$ThymeleafDefaultConfiguration.class\\E"}, 
    {"pattern":"\\Qorg/springframework/boot/autoconfigure/thymeleaf/ThymeleafAutoConfiguration$ThymeleafJava8TimeDialect.class\\E"}, 
    {"pattern":"\\Qorg/springframework/boot/autoconfigure/thymeleaf/ThymeleafAutoConfiguration$ThymeleafReactiveConfiguration.class\\E"}, 
    {"pattern":"\\Qorg/springframework/boot/autoconfigure/thymeleaf/ThymeleafAutoConfiguration$ThymeleafSecurityDialectConfiguration.class\\E"}, 
    {"pattern":"\\Qorg/springframework/boot/autoconfigure/thymeleaf/ThymeleafAutoConfiguration$ThymeleafWebFluxConfiguration.class\\E"}, 
    {"pattern":"\\Qorg/springframework/boot/autoconfigure/thymeleaf/ThymeleafAutoConfiguration$ThymeleafWebLayoutConfiguration.class\\E"}, 
    {"pattern":"\\Qorg/springframework/boot/autoconfigure/thymeleaf/ThymeleafAutoConfiguration$ThymeleafWebMvcConfiguration$ThymeleafViewResolverConfiguration.class\\E"}, 
    {"pattern":"\\Qorg/springframework/boot/autoconfigure/thymeleaf/ThymeleafAutoConfiguration$ThymeleafWebMvcConfiguration.class\\E"}, 
    {"pattern":"\\Qorg/springframework/boot/autoconfigure/thymeleaf/ThymeleafAutoConfiguration.class\\E"}, 
    {"pattern":"\\Qorg/springframework/boot/autoconfigure/web/client/RestTemplateAutoConfiguration$NotReactiveWebApplicationCondition$ReactiveWebApplication.class\\E"}, 
    {"pattern":"\\Qorg/springframework/boot/autoconfigure/web/client/RestTemplateAutoConfiguration$NotReactiveWebApplicationCondition.class\\E"}, 
    {"pattern":"\\Qorg/springframework/boot/autoconfigure/web/client/RestTemplateAutoConfiguration.class\\E"}, 
    {"pattern":"\\Qorg/springframework/boot/autoconfigure/web/embedded/EmbeddedWebServerFactoryCustomizerAutoConfiguration$JettyWebServerFactoryCustomizerConfiguration.class\\E"}, 
    {"pattern":"\\Qorg/springframework/boot/autoconfigure/web/embedded/EmbeddedWebServerFactoryCustomizerAutoConfiguration$NettyWebServerFactoryCustomizerConfiguration.class\\E"}, 
    {"pattern":"\\Qorg/springframework/boot/autoconfigure/web/embedded/EmbeddedWebServerFactoryCustomizerAutoConfiguration$TomcatWebServerFactoryCustomizerConfiguration.class\\E"}, 
    {"pattern":"\\Qorg/springframework/boot/autoconfigure/web/embedded/EmbeddedWebServerFactoryCustomizerAutoConfiguration$UndertowWebServerFactoryCustomizerConfiguration.class\\E"}, 
    {"pattern":"\\Qorg/springframework/boot/autoconfigure/web/embedded/EmbeddedWebServerFactoryCustomizerAutoConfiguration.class\\E"}, 
    {"pattern":"\\Qorg/springframework/boot/autoconfigure/web/servlet/DispatcherServletAutoConfiguration$DefaultDispatcherServletCondition.class\\E"}, 
    {"pattern":"\\Qorg/springframework/boot/autoconfigure/web/servlet/DispatcherServletAutoConfiguration$DispatcherServletConfiguration.class\\E"}, 
    {"pattern":"\\Qorg/springframework/boot/autoconfigure/web/servlet/DispatcherServletAutoConfiguration$DispatcherServletRegistrationCondition.class\\E"}, 
    {"pattern":"\\Qorg/springframework/boot/autoconfigure/web/servlet/DispatcherServletAutoConfiguration$DispatcherServletRegistrationConfiguration.class\\E"}, 
    {"pattern":"\\Qorg/springframework/boot/autoconfigure/web/servlet/DispatcherServletAutoConfiguration.class\\E"}, 
    {"pattern":"\\Qorg/springframework/boot/autoconfigure/web/servlet/HttpEncodingAutoConfiguration$LocaleCharsetMappingsCustomizer.class\\E"}, 
    {"pattern":"\\Qorg/springframework/boot/autoconfigure/web/servlet/HttpEncodingAutoConfiguration.class\\E"}, 
    {"pattern":"\\Qorg/springframework/boot/autoconfigure/web/servlet/MultipartAutoConfiguration.class\\E"}, 
    {"pattern":"\\Qorg/springframework/boot/autoconfigure/web/servlet/ServletWebServerFactoryAutoConfiguration$BeanPostProcessorsRegistrar.class\\E"}, 
    {"pattern":"\\Qorg/springframework/boot/autoconfigure/web/servlet/ServletWebServerFactoryAutoConfiguration.class\\E"}, 
    {"pattern":"\\Qorg/springframework/boot/autoconfigure/web/servlet/ServletWebServerFactoryConfiguration$EmbeddedJetty.class\\E"}, 
    {"pattern":"\\Qorg/springframework/boot/autoconfigure/web/servlet/ServletWebServerFactoryConfiguration$EmbeddedTomcat.class\\E"}, 
    {"pattern":"\\Qorg/springframework/boot/autoconfigure/web/servlet/ServletWebServerFactoryConfiguration$EmbeddedUndertow.class\\E"}, 
    {"pattern":"\\Qorg/springframework/boot/autoconfigure/web/servlet/WebMvcAutoConfiguration$EnableWebMvcConfiguration.class\\E"}, 
    {"pattern":"\\Qorg/springframework/boot/autoconfigure/web/servlet/WebMvcAutoConfiguration$OptionalPathExtensionContentNegotiationStrategy.class\\E"}, 
    {"pattern":"\\Qorg/springframework/boot/autoconfigure/web/servlet/WebMvcAutoConfiguration$ResourceChainCustomizerConfiguration.class\\E"}, 
    {"pattern":"\\Qorg/springframework/boot/autoconfigure/web/servlet/WebMvcAutoConfiguration$ResourceChainResourceHandlerRegistrationCustomizer.class\\E"}, 
    {"pattern":"\\Qorg/springframework/boot/autoconfigure/web/servlet/WebMvcAutoConfiguration$ResourceHandlerRegistrationCustomizer.class\\E"}, 
    {"pattern":"\\Qorg/springframework/boot/autoconfigure/web/servlet/WebMvcAutoConfiguration$WebMvcAutoConfigurationAdapter.class\\E"}, 
    {"pattern":"\\Qorg/springframework/boot/autoconfigure/web/servlet/WebMvcAutoConfiguration.class\\E"}, 
    {"pattern":"\\Qorg/springframework/boot/autoconfigure/web/servlet/error/ErrorMvcAutoConfiguration$DefaultErrorViewResolverConfiguration.class\\E"}, 
    {"pattern":"\\Qorg/springframework/boot/autoconfigure/web/servlet/error/ErrorMvcAutoConfiguration$ErrorPageCustomizer.class\\E"}, 
    {"pattern":"\\Qorg/springframework/boot/autoconfigure/web/servlet/error/ErrorMvcAutoConfiguration$ErrorTemplateMissingCondition.class\\E"}, 
    {"pattern":"\\Qorg/springframework/boot/autoconfigure/web/servlet/error/ErrorMvcAutoConfiguration$PreserveErrorControllerTargetClassPostProcessor.class\\E"}, 
    {"pattern":"\\Qorg/springframework/boot/autoconfigure/web/servlet/error/ErrorMvcAutoConfiguration$StaticView.class\\E"}, 
    {"pattern":"\\Qorg/springframework/boot/autoconfigure/web/servlet/error/ErrorMvcAutoConfiguration$WhitelabelErrorViewConfiguration.class\\E"}, 
    {"pattern":"\\Qorg/springframework/boot/autoconfigure/web/servlet/error/ErrorMvcAutoConfiguration.class\\E"}, 
    {"pattern":"\\Qorg/springframework/boot/autoconfigure/websocket/servlet/WebSocketServletAutoConfiguration$JettyWebSocketConfiguration.class\\E"}, 
    {"pattern":"\\Qorg/springframework/boot/autoconfigure/websocket/servlet/WebSocketServletAutoConfiguration$TomcatWebSocketConfiguration.class\\E"}, 
    {"pattern":"\\Qorg/springframework/boot/autoconfigure/websocket/servlet/WebSocketServletAutoConfiguration$UndertowWebSocketConfiguration.class\\E"}, 
    {"pattern":"\\Qorg/springframework/boot/autoconfigure/websocket/servlet/WebSocketServletAutoConfiguration.class\\E"}, 
    {"pattern":"\\Qorg/springframework/boot/context/properties/EnableConfigurationProperties.class\\E"}, 
    {"pattern":"\\Qorg/springframework/boot/context/properties/EnableConfigurationPropertiesRegistrar.class\\E"}, 
    {"pattern":"\\Qorg/springframework/cache/annotation/AbstractCachingConfiguration.class\\E"}, 
    {"pattern":"\\Qorg/springframework/cache/annotation/CachingConfigurationSelector.class\\E"}, 
    {"pattern":"\\Qorg/springframework/cache/annotation/EnableCaching.class\\E"}, 
    {"pattern":"\\Qorg/springframework/cache/annotation/ProxyCachingConfiguration.class\\E"}, 
    {"pattern":"\\Qorg/springframework/context/ApplicationContextAware.class\\E"}, 
    {"pattern":"\\Qorg/springframework/context/ResourceLoaderAware.class\\E"}, 
    {"pattern":"\\Qorg/springframework/context/annotation/AdviceModeImportSelector.class\\E"}, 
    {"pattern":"\\Qorg/springframework/context/annotation/AutoProxyRegistrar.class\\E"}, 
    {"pattern":"\\Qorg/springframework/context/annotation/Conditional.class\\E"}, 
    {"pattern":"\\Qorg/springframework/context/annotation/Configuration.class\\E"}, 
    {"pattern":"\\Qorg/springframework/context/annotation/Import.class\\E"}, 
    {"pattern":"\\Qorg/springframework/context/annotation/ImportAware.class\\E"}, 
    {"pattern":"\\Qorg/springframework/context/annotation/ImportBeanDefinitionRegistrar.class\\E"}, 
    {"pattern":"\\Qorg/springframework/context/annotation/Role.class\\E"}, 
    {"pattern":"\\Qorg/springframework/core/Ordered.class\\E"}, 
    {"pattern":"\\Qorg/springframework/core/annotation/Order.class\\E"}, 
    {"pattern":"\\Qorg/springframework/security/config/annotation/SecurityConfigurer.class\\E"}, 
    {"pattern":"\\Qorg/springframework/security/config/annotation/authentication/configuration/AuthenticationConfiguration$AuthenticationManagerDelegator.class\\E"}, 
    {"pattern":"\\Qorg/springframework/security/config/annotation/authentication/configuration/AuthenticationConfiguration$DefaultPasswordEncoderAuthenticationManagerBuilder.class\\E"}, 
    {"pattern":"\\Qorg/springframework/security/config/annotation/authentication/configuration/AuthenticationConfiguration$EnableGlobalAuthenticationAutowiredConfigurer.class\\E"}, 
    {"pattern":"\\Qorg/springframework/security/config/annotation/authentication/configuration/AuthenticationConfiguration$LazyPasswordEncoder.class\\E"}, 
    {"pattern":"\\Qorg/springframework/security/config/annotation/authentication/configuration/AuthenticationConfiguration.class\\E"}, 
    {"pattern":"\\Qorg/springframework/security/config/annotation/authentication/configuration/EnableGlobalAuthentication.class\\E"}, 
    {"pattern":"\\Qorg/springframework/security/config/annotation/configuration/ObjectPostProcessorConfiguration.class\\E"}, 
    {"pattern":"\\Qorg/springframework/security/config/annotation/web/WebSecurityConfigurer.class\\E"}, 
    {"pattern":"\\Qorg/springframework/security/config/annotation/web/configuration/EnableWebSecurity.class\\E"}, 
    {"pattern":"\\Qorg/springframework/security/config/annotation/web/configuration/HttpSecurityConfiguration.class\\E"}, 
    {"pattern":"\\Qorg/springframework/security/config/annotation/web/configuration/OAuth2ImportSelector.class\\E"}, 
    {"pattern":"\\Qorg/springframework/security/config/annotation/web/configuration/SpringWebMvcImportSelector.class\\E"}, 
    {"pattern":"\\Qorg/springframework/security/config/annotation/web/configuration/WebMvcSecurityConfiguration.class\\E"}, 
    {"pattern":"\\Qorg/springframework/security/config/annotation/web/configuration/WebSecurityConfiguration$AnnotationAwareOrderComparator.class\\E"}, 
    {"pattern":"\\Qorg/springframework/security/config/annotation/web/configuration/WebSecurityConfiguration.class\\E"}, 
    {"pattern":"\\Qorg/springframework/security/config/annotation/web/configuration/WebSecurityConfigurerAdapter$AuthenticationManagerDelegator.class\\E"}, 
    {"pattern":"\\Qorg/springframework/security/config/annotation/web/configuration/WebSecurityConfigurerAdapter$DefaultPasswordEncoderAuthenticationManagerBuilder.class\\E"}, 
    {"pattern":"\\Qorg/springframework/security/config/annotation/web/configuration/WebSecurityConfigurerAdapter$LazyPasswordEncoder.class\\E"}, 
    {"pattern":"\\Qorg/springframework/security/config/annotation/web/configuration/WebSecurityConfigurerAdapter$UserDetailsServiceDelegator.class\\E"}, 
    {"pattern":"\\Qorg/springframework/security/config/annotation/web/configuration/WebSecurityConfigurerAdapter.class\\E"}, 
    {"pattern":"\\Qorg/springframework/web/bind/annotation/ResponseBody.class\\E"}, 
    {"pattern":"\\Qorg/springframework/web/bind/annotation/RestController.class\\E"}, 
    {"pattern":"\\Qorg/springframework/web/context/ServletContextAware.class\\E"}, 
    {"pattern":"\\Qorg/springframework/web/servlet/config/annotation/DelegatingWebMvcConfiguration.class\\E"}, 
    {"pattern":"\\Qorg/springframework/web/servlet/config/annotation/WebMvcConfigurationSupport$NoOpValidator.class\\E"}, 
    {"pattern":"\\Qorg/springframework/web/servlet/config/annotation/WebMvcConfigurationSupport.class\\E"}, 
    {"pattern":"\\Qorg/springframework/web/servlet/config/annotation/WebMvcConfigurer.class\\E"}, 
    {"pattern":"\\Qorg/springframework/web/util/HtmlCharacterEntityReferences.properties\\E"}, 
    {"pattern":"\\Qorg/thymeleaf/thymeleaf.properties\\E"}, 
    {"pattern":"\\Qrp-public_key.pem\\E"}, 
    {"pattern":"static/.*"},
    {"pattern":"templates/.*"},
    {"pattern": ".*\\.pem"},
    {"pattern": ".*\\.yaml"},
    {"pattern": ".*\\.json"}
  ],
  "bundles":[
    {"name":"javax.servlet.LocalStrings"}, 
    {"name":"javax.servlet.http.LocalStrings"}, 
    {"name":"org.apache.catalina.authenticator.LocalStrings"}, 
    {"name":"org.apache.catalina.authenticator.jaspic.LocalStrings"}, 
    {"name":"org.apache.catalina.connector.LocalStrings"}, 
    {"name":"org.apache.catalina.core.LocalStrings"}, 
    {"name":"org.apache.catalina.deploy.LocalStrings"}, 
    {"name":"org.apache.catalina.loader.LocalStrings"}, 
    {"name":"org.apache.catalina.mapper.LocalStrings"}, 
    {"name":"org.apache.catalina.mbeans.LocalStrings"}, 
    {"name":"org.apache.catalina.realm.LocalStrings"}, 
    {"name":"org.apache.catalina.security.LocalStrings"}, 
    {"name":"org.apache.catalina.session.LocalStrings"}, 
    {"name":"org.apache.catalina.startup.LocalStrings"}, 
    {"name":"org.apache.catalina.util.LocalStrings"}, 
    {"name":"org.apache.catalina.valves.LocalStrings"}, 
    {"name":"org.apache.catalina.webresources.LocalStrings"}, 
    {"name":"org.apache.coyote.LocalStrings"}, 
    {"name":"org.apache.coyote.http11.LocalStrings"}, 
    {"name":"org.apache.coyote.http11.filters.LocalStrings"}, 
    {"name":"org.apache.naming.LocalStrings"}, 
    {"name":"org.apache.tomcat.util.LocalStrings"}, 
    {"name":"org.apache.tomcat.util.buf.LocalStrings"}, 
    {"name":"org.apache.tomcat.util.compat.LocalStrings"}, 
    {"name":"org.apache.tomcat.util.descriptor.web.LocalStrings"}, 
    {"name":"org.apache.tomcat.util.http.LocalStrings"}, 
    {"name":"org.apache.tomcat.util.http.parser.LocalStrings"}, 
    {"name":"org.apache.tomcat.util.modeler.LocalStrings"}, 
    {"name":"org.apache.tomcat.util.net.LocalStrings"}, 
    {"name":"org.apache.tomcat.util.scan.LocalStrings"}, 
    {"name":"org.apache.tomcat.util.threads.res.LocalStrings"}, 
    {"name":"org.apache.tomcat.websocket.LocalStrings"}, 
    {"name":"org.apache.tomcat.websocket.server.LocalStrings"}
  ]
}
