{
  "id": "creditAssessment",
  "purposeCodeText": {
    "en": "credit assessment",
    "fr": "credit assessment(fr)"
  },
  "descriptions": {
    "consentText": {
      "en": "I authorize the requested information to be shared with {dacName} for credit assessment purposes.",
      "fr": "I authorize the requested information to be shared with {dacName} for credit assessment purposes.(fr)"
    },
    "connectionConsentText": {
      "en": "I authorize {dapName} to share the requested information with {dacName} for credit assessment purposes.",
      "fr": "I authorize {dapName} to share the requested information with {dacName} for credit assessment purposes.(fr)"
    }
  }
}