{
  "id": "docInfoValidation",
  "purposeCodeText": {
    "en": "document information validation",
    "fr": "document information validation(fr)"
  },
  "descriptions": {
    "consentText": {
      "en": "I authorize the requested information to be shared with {dacName} for document information validation.",
      "fr": "I authorize the requested information to be shared with {dacName} for document information validation.(fr)"
    },
    "connectionConsentText": {
      "en": "I authorize {dapName} to share the requested information with {dacName} for document information validation.",
      "fr": "I authorize {dapName} to share the requested information with {dacName} for document information validation.(fr)"
    }
  }
}