{
  "id": "identityDocSigning",
  "purposeCodeText": {
    "en": "identity verification for document signing",
    "fr": "identity verification for document signin(fr)"
  },
  "descriptions": {
    "consentText": {
      "en": "I authorize the requested information to be shared with {dacName} for identity verification for document signing purposes.",
      "fr": "I authorize the requested information to be shared with {dacName} for identity verification for document signing purposes.(fr)"
    },
    "connectionConsentText": {
      "en": "I authorize {dapName} to share the requested information with {dacName} for identity verification for document signing purposes.",
      "fr": "I authorize {dapName} to share the requested information with {dacName} for identity verification for document signing purposes.(fr)"
    }
  }
}