{
  "id": "identity",
  "purposeCodeText": {
    "en": "identity verification",
    "fr": "vérification d'identité"
  },
  "descriptions": {
    "consentText": {
      "en": "I authorize the requested information to be shared with {dacName} for identity verification and account creation purposes.",
      "fr": "J'autorise le partage des informations demandées avec {dacName} à des fins de vérification de l'identité et de création de compte."
    },
    "connectionConsentText": {
      "en": "I authorize {dapName} to share the requested information with {dacName} for identity verification and account creation purposes.",
      "fr": "I authorize {dapName} to share the requested information with {dacName} for identity verification and account creation purposes.(fr)"
    }
  }
}