{
  "id": "locateInformation",
  "purposeCodeText": {
    "en": "locate the information it has about me",
    "fr": "locate the information it has about me(fr)"
  },
  "descriptions": {
    "consentText": {
      "en": "I authorize the requested information to be shared with {dacName} to locate the information it has about me.",
      "fr": "I authorize the requested information to be shared with {dacName} to locate the information it has about me.(fr)"
    },
    "connectionConsentText": {
      "en": "I authorize {dapName} to share the requested information with {dacName} to locate the information it has about me.",
      "fr": "I authorize {dapName} to share the requested information with {dacName} to locate the information it has about me.(fr)"
    }
  }
}