[
  {
    "relation": [
      "delegate_permission/common.handle_all_urls"
    ],
    "target": {
      "namespace": "android_app",
      "package_name": "com.earlywarning.insuranceco",
      "sha256_cert_fingerprints": [
        "5D:11:02:57:BD:53:6D:9F:C5:35:08:50:BE:6D:57:74:87:2A:32:80:4C:13:8B:9D:4E:48:CA:3B:DE:65:57:00",
        "2C:BE:40:C4:8F:0B:BD:D6:86:79:B7:D6:E3:B8:EC:AF:7F:91:23:6E:CE:34:F3:B2:B9:54:DE:E6:57:84:73:8C",
        "9F:48:CF:A8:CC:E4:40:F9:B8:62:1C:6D:A4:28:BC:5F:98:3C:0E:7A:D8:8E:67:40:4B:BE:0D:0C:B9:EE:F8:B9",
        "5F:B9:F1:AA:E4:9F:42:48:45:AD:6E:51:CD:A8:0E:61:72:89:72:B5:46:EC:EE:9B:D7:36:97:FD:E1:87:C9:53"
      ]
    }
  },
  {
    "relation": [
      "delegate_permission/common.handle_all_urls"
    ],
    "target": {
      "namespace": "android_app",
      "package_name": "com.earlywarning.insuranceco.dev",
      "sha256_cert_fingerprints": [
        "5D:11:02:57:BD:53:6D:9F:C5:35:08:50:BE:6D:57:74:87:2A:32:80:4C:13:8B:9D:4E:48:CA:3B:DE:65:57:00",
        "2C:BE:40:C4:8F:0B:BD:D6:86:79:B7:D6:E3:B8:EC:AF:7F:91:23:6E:CE:34:F3:B2:B9:54:DE:E6:57:84:73:8C",
        "9F:48:CF:A8:CC:E4:40:F9:B8:62:1C:6D:A4:28:BC:5F:98:3C:0E:7A:D8:8E:67:40:4B:BE:0D:0C:B9:EE:F8:B9",
        "5F:B9:F1:AA:E4:9F:42:48:45:AD:6E:51:CD:A8:0E:61:72:89:72:B5:46:EC:EE:9B:D7:36:97:FD:E1:87:C9:53"
      ]
    }
  },
  {
    "relation": [
      "delegate_permission/common.handle_all_urls"
    ],
    "target": {
      "namespace": "android_app",
      "package_name": "com.earlywarning.insuranceco.sandbox",
      "sha256_cert_fingerprints": [
        "5D:11:02:57:BD:53:6D:9F:C5:35:08:50:BE:6D:57:74:87:2A:32:80:4C:13:8B:9D:4E:48:CA:3B:DE:65:57:00",
        "2C:BE:40:C4:8F:0B:BD:D6:86:79:B7:D6:E3:B8:EC:AF:7F:91:23:6E:CE:34:F3:B2:B9:54:DE:E6:57:84:73:8C",
        "9F:48:CF:A8:CC:E4:40:F9:B8:62:1C:6D:A4:28:BC:5F:98:3C:0E:7A:D8:8E:67:40:4B:BE:0D:0C:B9:EE:F8:B9",
        "5F:B9:F1:AA:E4:9F:42:48:45:AD:6E:51:CD:A8:0E:61:72:89:72:B5:46:EC:EE:9B:D7:36:97:FD:E1:87:C9:53"
      ]
    }
  },
  {
    "relation": [
      "delegate_permission/common.handle_all_urls"
    ],
    "target": {
      "namespace": "android_app",
      "package_name": "com.earlywarning.insuranceco.cat",
      "sha256_cert_fingerprints": [
        "5D:11:02:57:BD:53:6D:9F:C5:35:08:50:BE:6D:57:74:87:2A:32:80:4C:13:8B:9D:4E:48:CA:3B:DE:65:57:00",
        "2C:BE:40:C4:8F:0B:BD:D6:86:79:B7:D6:E3:B8:EC:AF:7F:91:23:6E:CE:34:F3:B2:B9:54:DE:E6:57:84:73:8C",
        "9F:48:CF:A8:CC:E4:40:F9:B8:62:1C:6D:A4:28:BC:5F:98:3C:0E:7A:D8:8E:67:40:4B:BE:0D:0C:B9:EE:F8:B9",
        "5F:B9:F1:AA:E4:9F:42:48:45:AD:6E:51:CD:A8:0E:61:72:89:72:B5:46:EC:EE:9B:D7:36:97:FD:E1:87:C9:53"
      ]
    }
  }
]