{
  "clientId": "Authentify_Test",
  "clientContext": "bankidstub",
  "app": "requestSignUp",
  "clientAcctId": "Allstate",
  "ewSID": "9f35e3a6-52c0-4ca1-b2dc-a4720b4b7ae4",
  "replyTo": "https://d1.authentify.com/getSessionStatus?id=1b4343deee2443d64361bb43f4aa04f2ba6b3b0e",
  "timestampISO8601": "2019-03-29T15:58:46Z",
  "sessionTag": "SessionTag",
  "event": "ParmsOK",
  "statusCode": "7000",
  "data": {
    "ewsWebBaseUrl": "https://di-web.ewsinnovations.com",
    "xfaData": {
      "xfaCode": "xfa:102883179336"
    }
  }
}
