{
    "schema": {
        "$schema": "http://json-schema.org/draft-04/schema#",
        "id": "vme://services/creditBureauSoftReport#",
        "description": "Schema for credit bureau soft report (range)",
        "definitions": {
            "appParameters": {
                "type": "object",
                "required": [],
                "properties": {},
                "additionalProperties": false
            },
            "dacParameters": {
                "type": "object",
                "required": [],
                "properties": {},
                "additionalProperties": false
            },
            "dacResponse": {
                "type": "object",
                "required": [
                    "given_name",
                    "family_name",
                    "address",
                    "birthdate",
                    "cb_id",
                    "file_number",
                    "hrfa",
                    "6and2_flag",
                    "36mo_flag",
                    "score_range_min",
                    "score_range_max",
                    "bankruptcy",
                    "90pastdue_flag"
                ],
                "properties": {
                    "title": {
                        "type": "string"
                    },
                    "given_name": {
                        "type": "string"
                    },
                    "middle_name": {
                        "type": "string"
                    },
                    "family_name": {
                        "type": "string"
                    },
                    "honorific": {
                        "type": "string"
                    },
                    "phone_number": {
                        "$ref": "vme://assets/common#/phone_number"
                    },
                    "address": {
                        "$ref": "vme://assets/common#/address"
                    },
                    "birthdate": {
                        "type": "string",
                        "pattern": "^[0-9]{4}(-[0-9]{2}-[0-9]{2})?$"
                    },
                    "cb_id": {
                        "type": "string"
                    },
                    "file_number": {
                        "type": "string"
                    },
                    "hrfa": {
                        "type": "boolean"
                    },
                    "6and2_flag": {
                        "type": "boolean"
                    },
                    "36mo_flag": {
                        "type": "boolean"
                    },
                    "score_range_min": {
                        "type": "string"
                    },
                    "score_range_max": {
                        "type": "string"
                    },
                    "bankruptcy": {
                        "type": "boolean"
                    },
                    "90pastdue_flag": {
                        "type": "boolean"
                    },
                    "digi_ver": {
                        "type": "boolean"
                    }
                },
                "additionalProperties": false
            },
            "userResponse": {
                "type": "object",
                "required": [
                    "given_name",
                    "family_name",
                    "address",
                    "birthdate",
                    "cb_id",
                    "file_number",
                    "hrfa",
                    "6and2_flag",
                    "36mo_flag",
                    "score_range_min",
                    "score_range_max",
                    "bankruptcy",
                    "90pastdue_flag"
                ],
                "properties": {
                    "title": {
                        "type": "string"
                    },
                    "given_name": {
                        "type": "string"
                    },
                    "middle_name": {
                        "type": "string"
                    },
                    "family_name": {
                        "type": "string"
                    },
                    "honorific": {
                        "type": "string"
                    },
                    "phone_number": {
                        "$ref": "vme://assets/common#/phone_number"
                    },
                    "address": {
                        "$ref": "vme://assets/common#/address"
                    },
                    "birthdate": {
                        "type": "string",
                        "pattern": "^[0-9]{4}(-[0-9]{2}-[0-9]{2})?$"
                    },
                    "cb_id": {
                        "type": "string"
                    },
                    "file_number": {
                        "type": "string"
                    },
                    "hrfa": {
                        "type": "boolean"
                    },
                    "6and2_flag": {
                        "type": "boolean"
                    },
                    "36mo_flag": {
                        "type": "boolean"
                    },
                    "score_range_min": {
                        "type": "string"
                    },
                    "score_range_max": {
                        "type": "string"
                    },
                    "bankruptcy": {
                        "type": "boolean"
                    },
                    "90pastdue_flag": {
                        "type": "boolean"
                    },
                    "digi_ver": {
                        "type": "boolean"
                    }
                },
                "additionalProperties": false
            }
        }
    },
    "riskCategoryId": "TBD",
    "dapRequiresDacId": false,
    "sensitivity": 1,
    "userResponseExtraFieldData": {
        "title": {
            "appDisplay": "value"
        },
        "given_name": {
            "appDisplay": "value"
        },
        "middle_name": {
            "appDisplay": "value"
        },
        "family_name": {
            "appDisplay": "value"
        },
        "honorific": {
            "appDisplay": "value"
        },
        "phone_number": {
            "appDisplay": "value"
        },
        "address": {
            "appDisplay": "value"
        },
        "birthdate": {
            "appDisplay": "doNotDisplay"
        },
        "cb_id": {
            "appDisplay": "hidden",
            "hiddenFieldGroup": "creditInformation"
        },
        "file_number": {
            "appDisplay": "hidden",
            "hiddenFieldGroup": "creditInformation"
        },
        "hrfa": {
            "appDisplay":"hidden",
            "hiddenFieldGroup":"creditInformation"
        },
        "6and2_flag": {
            "appDisplay":"hidden",
            "hiddenFieldGroup":"creditInformation"
        },
        "36mo_flag": {
            "appDisplay":"hidden",
            "hiddenFieldGroup":"creditInformation"
        },
        "score_range_min": {
            "appDisplay": "hidden",
            "hiddenFieldGroup": "creditInformation"
        },
        "score_range_max": {
            "appDisplay": "hidden",
            "hiddenFieldGroup": "creditInformation"
        },
        "bankruptcy": {
            "appDisplay": "hidden",
            "hiddenFieldGroup": "creditInformation"
        },
        "90pastdue_flag": {
            "appDisplay":"hidden",
            "hiddenFieldGroup":"creditInformation"
        },
        "digi_ver": {
            "appDisplay":"hidden",
            "hiddenFieldGroup":"creditInformation"
        }
    }
}