{
    "schema": {
        "$schema": "http://json-schema.org/draft-04/schema",
        "id": "vme://services/governmentIssuedDocument#",
        "description": "Government Issued Documents",
        "definitions": {
            "appParameters": {
                "type": "object",
                "required": [],
                "properties": {
                    "fromMobileApp": {
                        "type": "boolean"
                    }
                },
                "additionalProperties": false
            },
            "dacParameters": {
                "type": "object",
                "required": [],
                "properties": {},
                "additionalProperties": false
            },
            "dacResponse": {
                "type": "object",
                "required": [
                    "document_type_code",
                    "document_number",
                    "given_name",
                    "family_name",
                    "birthdate",
                    "address",
                    "phone_number",
                    "portrait",
                    "sim_status",
                    "telco_account_status",
                    "issue_date",
                    "expiry_date",
                    "issuing_country",
                    "issuing_authority",
                    "phone_number_score",
                    "portrait_score",
                    "overall_score",
                    "postal_code_score",
                    "overall_address_score"
                ],
                "properties": {
                    "document_type_code": {
                        "type": "string"
                    },
                    "document_number": {
                        "type": "string"
                    },
                    "given_name": {
                        "type": "string"
                    },
                    "middle_name": {
                        "type": "string"
                    },
                    "family_name": {
                        "type": "string"
                    },
                    "birthdate": {
                        "type": "string",
                        "pattern": "^[0-9]{4}(-[0-9]{2}-[0-9]{2})?$"
                    },
                    "address": {
                        "$ref": "vme://assets/common#/address"
                    },
                    "phone_number": {
                        "$ref": "vme://assets/common#/phone_number"
                    },
                    "portrait": {
                        "type": "string"
                    },
                    "portrait_capture_date": {
                        "type": "string",
                        "pattern": "^[0-9]{4}(-[0-9]{2}-[0-9]{2})?$"
                    },
                    "sim_status": {
                        "type": "integer"
                    },
                    "telco_account_status": {
                        "type": "string"
                    },
                    "issue_date": {
                        "type": "string",
                        "pattern": "^[0-9]{4}(-[0-9]{2}-[0-9]{2})?$"
                    },
                    "expiry_date": {
                        "type": "string",
                        "pattern": "^[0-9]{4}(-[0-9]{2}-[0-9]{2})?$"
                    },
                    "issuing_country": {
                        "type": "string",
                        "pattern": "^[A-Z]{2}$"
                    },
                    "issuing_authority": {
                        "type": "string"
                    },
                    "administrative_number": {
                        "type": "string"
                    },
                    "gender": {
                        "type": "string",
                        "enum": [
                            "M",
                            "F",
                            "X"
                        ]
                    },
                    "given_name_score": {
                        "type": "integer"
                    },
                    "middle_name_score": {
                        "type": "integer"
                    },
                    "family_name_score": {
                        "type": "integer"
                    },
                    "birthdate_score": {
                        "type": "integer"
                    },
                    "phone_number_score": {
                        "type": "integer"
                    },
                    "portrait_score": {
                        "type": "integer"
                    },
                    "overall_score": {
                        "type": "integer"
                    },
                    "street_address_score": {
                        "type": "integer"
                    },
                    "locality_score": {
                        "type": "integer"
                    },
                    "region_score": {
                        "type": "integer"
                    },
                    "postal_code_score": {
                        "type": "integer"
                    },
                    "country_score": {
                        "type": "integer"
                    },
                    "overall_address_score": {
                        "type": "integer"
                    }
                },
                "additionalProperties": false
            },
            "userResponse": {
                "type": "object",
                "required": [
                    "document_type_code",
                    "document_number",
                    "given_name",
                    "family_name",
                    "birthdate",
                    "address",
                    "phone_number",
                    "portrait",
                    "sim_status",
                    "telco_account_status",
                    "issue_date",
                    "expiry_date",
                    "issuing_country",
                    "issuing_authority",
                    "phone_number_score",
                    "portrait_score",
                    "overall_score",
                    "postal_code_score",
                    "overall_address_score"
                ],
                "properties": {
                    "document_type_code": {
                        "type": "string"
                    },
                    "document_number": {
                        "type": "string"
                    },
                    "given_name": {
                        "type": "string"
                    },
                    "middle_name": {
                        "type": "string"
                    },
                    "family_name": {
                        "type": "string"
                    },
                    "birthdate": {
                        "type": "string",
                        "pattern": "^[0-9]{4}(-[0-9]{2}-[0-9]{2})?$"
                    },
                    "address": {
                        "$ref": "vme://assets/common#/address"
                    },
                    "phone_number": {
                        "$ref": "vme://assets/common#/phone_number"
                    },
                    "portrait": {
                        "type": "string"
                    },
                    "portrait_capture_date": {
                        "type": "string",
                        "pattern": "^[0-9]{4}(-[0-9]{2}-[0-9]{2})?$"
                    },
                    "sim_status": {
                        "type": "integer"
                    },
                    "telco_account_status": {
                        "type": "string"
                    },
                    "issue_date": {
                        "type": "string",
                        "pattern": "^[0-9]{4}(-[0-9]{2}-[0-9]{2})?$"
                    },
                    "expiry_date": {
                        "type": "string",
                        "pattern": "^[0-9]{4}(-[0-9]{2}-[0-9]{2})?$"
                    },
                    "issuing_country": {
                        "type": "string",
                        "pattern": "^[A-Z]{2}$"
                    },
                    "issuing_authority": {
                        "type": "string"
                    },
                    "administrative_number": {
                        "type": "string"
                    },
                    "gender": {
                        "type": "string",
                        "enum": [
                            "M",
                            "F",
                            "X"
                        ]
                    },
                    "given_name_score": {
                        "type": "integer"
                    },
                    "middle_name_score": {
                        "type": "integer"
                    },
                    "family_name_score": {
                        "type": "integer"
                    },
                    "birthdate_score": {
                        "type": "integer"
                    },
                    "phone_number_score": {
                        "type": "integer"
                    },
                    "portrait_score": {
                        "type": "integer"
                    },
                    "overall_score": {
                        "type": "integer"
                    },
                    "street_address_score": {
                        "type": "integer"
                    },
                    "locality_score": {
                        "type": "integer"
                    },
                    "region_score": {
                        "type": "integer"
                    },
                    "postal_code_score": {
                        "type": "integer"
                    },
                    "country_score": {
                        "type": "integer"
                    },
                    "overall_address_score": {
                        "type": "integer"
                    }
                },
                "additionalProperties": false
            }
        }
    },
    "riskCategoryId": "Identity",
    "sensitivity": 3,
    "userResponseExtraFieldData": {
        "document_type_code": {
            "appDisplay": "value"
        },
        "document_number": {
            "appDisplay": "value"
        },
        "given_name": {
            "appDisplay": "value"
        },
        "middle_name": {
            "appDisplay": "value"
        },
        "family_name": {
            "appDisplay": "value"
        },
        "birthdate": {
            "appDisplay": "value"
        },
        "address": {
            "appDisplay": "value"
        },
        "phone_number": {
            "appDisplay": "value"
        },
        "portrait": {
            "appDisplay": "value"
        },
        "portrait_capture_date": {
            "appDisplay": "value"
        },
        "sim_status": {
            "appDisplay": "value"
        },
        "telco_account_status": {
            "appDisplay": "value"
        },
        "issue_date": {
            "appDisplay": "value"
        },
        "expiry_date": {
            "appDisplay": "value"
        },
        "issuing_country": {
            "appDisplay": "value"
        },
        "issuing_authority": {
            "appDisplay": "value"
        },
        "administrative_number": {
            "appDisplay": "value"
        },
        "gender": {
            "appDisplay": "value"
        },
        "given_name_score": {
            "appDisplay": "value"
        },
        "middle_name_score": {
            "appDisplay": "value"
        },
        "family_name_score": {
            "appDisplay": "value"
        },
        "birthdate_score": {
            "appDisplay": "value"
        },
        "phone_number_score": {
            "appDisplay": "value"
        },
        "portrait_score": {
            "appDisplay": "value"
        },
        "overall_score": {
            "appDisplay": "value"
        },
        "street_address_score": {
            "appDisplay": "value"
        },
        "locality_score": {
            "appDisplay": "value"
        },
        "region_score": {
            "appDisplay": "value"
        },
        "postal_code_score": {
            "appDisplay": "value"
        },
        "country_score": {
            "appDisplay": "value"
        },
        "overall_address_score": {
            "appDisplay": "value"
        }
    }
}