{
  "schema": {
    "$schema": "http://json-schema.org/draft-06/schema#",
    "id": "vme://services/mobileServiceChange#",
    "description": "Provides a means to help clients detect potential fraud associated with frequent SIM, Device, or Phone Number Changes, i.e. SIM swap fraud.",
    "definitions": {
      "appParameters": {
        "type": "object",
        "required": [
          "mobile_token"
        ],
        "properties": {
          "mobile_token": {
            "type": "string"
          }
        },
        "additionalProperties": false
      },
      "dacParameters": {
        "type": "object",
        "required": [],
        "properties": {},
        "additionalProperties": false
      },
      "dacResponse": {
        "type": "object",
        "required": [
          "sim_change_age"
        ],
        "properties": {
          "sim_change_age": {
            "type": "integer"
          },
          "device_change_age": {
            "type": "integer"
          },
          "phone_number_change_age": {
            "type": "integer"
          },
          "sim_change_freq": {
            "type": "integer"
          },
          "device_change_freq": {
            "type": "integer"
          },
          "phone_number_change_freq": {
            "type": "integer"
          },
          "device_make": {
            "type": "string"
          },
          "device_model": {
            "type": "string"
          },
          "imei_hash": {
            "type": "string"
          },
          "imsi_hash": {
            "type": "string"
          }
        },
        "additionalProperties": false
      },
      "userResponse": {
        "type": "object",
        "required": [
          "sim_change_age"
        ],
        "properties": {
          "sim_change_age": {
            "type": "integer"
          },
          "device_change_age": {
            "type": "integer"
          },
          "phone_number_change_age": {
            "type": "integer"
          },
          "sim_change_freq": {
            "type": "integer"
          },
          "device_change_freq": {
            "type": "integer"
          },
          "phone_number_change_freq": {
            "type": "integer"
          },
          "device_make": {
            "type": "string"
          },
          "device_model": {
            "type": "string"
          },
          "imei_hash": {
            "type": "string"
          },
          "imsi_hash": {
            "type": "string"
          }
        },
        "additionalProperties": false
      }
    }
  },
  "riskCategoryId": "TBD",
  "sensitivity": 1,
  "userResponseExtraFieldData": {
    "sim_change_age": {
      "appDisplay": "value"
    },
    "device_change_age": {
      "appDisplay": "value"
    },
    "phone_number_change_age": {
      "appDisplay": "value"
    },
    "sim_change_freq": {
      "appDisplay": "value"
    },
    "device_change_freq": {
      "appDisplay": "value"
    },
    "phone_number_change_freq": {
      "appDisplay": "value"
    },
    "device_make": {
      "appDisplay": "value"
    },
    "device_model": {
      "appDisplay": "value"
    },
    "imei_hash": {
      "appDisplay": "value"
    },
    "imsi_hash": {
      "appDisplay": "value"
    }
  }
}