{
  "schema": {
    "$schema": "http://json-schema.org/draft-06/schema#",
    "id": "vme://services/mobileLocation#",
    "description": "Provides the longitude, latitude, locality, and region of the mobile device.",
    "definitions": {
      "appParameters": {
        "type": "object",
        "required": [
          "mobile_token"
        ],
        "properties": {
          "mobile_token": {
            "type": "string"
          }
        },
        "additionalProperties": false
      },
      "dacParameters": {
        "type": "object",
        "required": [],
        "properties": {},
        "additionalProperties": false
      },
      "dacResponse": {
        "type": "object",
        "required": [
          "latitude",
          "longitude",
          "accuracy",
          "locality",
          "region",
          "location_timestamp"
        ],
        "properties": {
          "latitude": {
            "type": "string"
          },
          "longitude": {
            "type": "string"
          },
          "accuracy": {
            "type": "string"
          },
          "locality": {
            "type": "string"
          },
          "region": {
            "type": "string"
          },
          "location_timestamp": {
            "type": "string",
            "pattern": "^[0-9]{2}\/[0-9]{2}\/[0-9]{4} [0-9]{2}:[0-9]{2}:[0-9]{2}$"
          }
        },
        "additionalProperties": false
      },
      "userResponse": {
        "type": "object",
        "required": [
          "latitude",
          "longitude",
          "accuracy",
          "locality",
          "region",
          "location_timestamp"
        ],
        "properties": {
          "latitude": {
            "type": "string"
          },
          "longitude": {
            "type": "string"
          },
          "accuracy": {
            "type": "string"
          },
          "locality": {
            "type": "string"
          },
          "region": {
            "type": "string"
          },
          "location_timestamp": {
            "type": "string",
            "pattern": "^[0-9]{2}\/[0-9]{2}\/[0-9]{4} [0-9]{2}:[0-9]{2}:[0-9]{2}$"
          }
        },
        "additionalProperties": false
      }
    }
  },
  "riskCategoryId": "TBD",
  "sensitivity": 1,
  "userResponseExtraFieldData": {
    "latitude": {
      "appDisplay": "value"
    },
    "longitude": {
      "appDisplay": "value"
    },
    "accuracy": {
      "appDisplay": "value"
    },
    "locality": {
      "appDisplay": "value"
    },
    "region": {
      "appDisplay": "value"
    },
    "location_timestamp": {
      "appDisplay": "value"
    }
  }
}