{
  "schema": {
    "$schema": "http://json-schema.org/draft-06/schema#",
    "id": "vme://services/mobileAccountStatus#",
    "description": "Provides the account status and details about the subscribers MNO account such as type, class, carrier name etc.",
    "definitions": {
      "appParameters": {
        "type": "object",
        "required": [
          "mobile_token"
        ],
        "properties": {
          "mobile_token": {
            "type": "string"
          }
        },
        "additionalProperties": false
      },
      "dacParameters": {
        "type": "object",
        "required": [],
        "properties": {},
        "additionalProperties": false
      },
      "dacResponse": {
        "type": "object",
        "required": [
          "account_status",
          "account_type",
          "account_class",
          "account_user",
          "carrier_name",
          "brand_name",
          "preferred_language"
        ],
        "properties": {
          "account_status": {
            "type": "string",
            "enum": [
              "POSTPAID",
              "PREPAID"
            ]
          },
          "account_type": {
            "type": "string",
            "enum": [
              "POSTPAID",
              "PREPAID"
            ]
          },
          "account_class": {
            "type": "string",
            "enum": [
              "BUSINESS",
              "PERSONAL",
              "CORPORATE"
            ]
          },
          "account_user": {
            "type": "string",
            "enum": [
              "PRIMARY",
              "SECONDARY"
            ]
          },
          "carrier_name": {
            "type": "string",
            "enum": [
              "ROGERS",
              "TELUS",
              "BELL"
            ]
          },
          "brand_name": {
            "type": "string",
            "enum": [
              "BELL",
              "VIRGIN_MOBILE",
              "TELUS",
              "KOODO",
              "ROGERS",
              "FIDO"
            ]
          },
          "preferred_language": {
            "type": "string",
            "enum": [
              "EN",
              "FR"
            ]
          }
        },
        "additionalProperties": false
      },
      "userResponse": {
        "type": "object",
        "required": [
          "account_status",
          "account_type",
          "account_class",
          "account_user",
          "carrier_name",
          "brand_name",
          "preferred_language"
        ],
        "properties": {
          "account_status": {
            "type": "string",
            "enum": [
              "POSTPAID",
              "PREPAID"
            ]
          },
          "account_type": {
            "type": "string",
            "enum": [
              "POSTPAID",
              "PREPAID"
            ]
          },
          "account_class": {
            "type": "string",
            "enum": [
              "BUSINESS",
              "PERSONAL",
              "CORPORATE"
            ]
          },
          "account_user": {
            "type": "string",
            "enum": [
              "PRIMARY",
              "SECONDARY"
            ]
          },
          "carrier_name": {
            "type": "string",
            "enum": [
              "ROGERS",
              "TELUS",
              "BELL"
            ]
          },
          "brand_name": {
            "type": "string",
            "enum": [
              "BELL",
              "VIRGIN_MOBILE",
              "TELUS",
              "KOODO",
              "ROGERS",
              "FIDO"
            ]
          },
          "preferred_language": {
            "type": "string",
            "enum": [
              "EN",
              "FR"
            ]
          }
        },
        "additionalProperties": false
      }
    }
  },
  "riskCategoryId": "TBD",
  "sensitivity": 1,
  "userResponseExtraFieldData": {
    "account_status": {
      "appDisplay": "value"
    },
    "account_type": {
      "appDisplay": "value"
    },
    "account_class": {
      "appDisplay": "value"
    },
    "account_user": {
      "appDisplay": "value"
    },
    "carrier_name": {
      "appDisplay": "value"
    },
    "brand_name": {
      "appDisplay": "value"
    },
    "preferred_language": {
      "appDisplay": "value"
    }
  }
}