{
  "schema": {
    "$schema": "http://json-schema.org/draft-06/schema#",
    "id": "vme://services/mobileNameAndAddressMatch#",
    "description": "Matches the data provided with the MNO's information on file, and provides a score for each of the elements, as well as a summaryScore and confidenceScore.",
    "definitions": {
      "appParameters": {
        "type": "object",
        "required": [
          "mobile_token"
        ],
        "properties": {
          "mobile_token": {
            "type": "string"
          }
        },
        "additionalProperties": false
      },
      "dacParameters": {
        "type": "object",
        "required": [],
        "properties": {},
        "additionalProperties": false
      },
      "dacResponse": {
        "type": "object",
        "required": [
          "given_name_score",
          "family_name_score",
          "birthdate_score",
          "street_address_score",
          "locality_score",
          "region_score",
          "summary_score",
          "confidence_score"
        ],
        "properties": {
          "given_name_score": {
            "type": "string"
          },
          "middle_name_score": {
            "type": "string"
          },
          "family_name_score": {
            "type": "string"
          },
          "birthdate_score": {
            "type": "string"
          },
          "street_address_score": {
            "type": "string"
          },
          "locality_score": {
            "type": "string"
          },
          "region_score": {
            "type": "string"
          },
          "postal_code_score": {
            "type": "string"
          },
          "summary_score": {
            "type": "string"
          },
          "confidence_score": {
            "type": "string"
          }
        },
        "additionalProperties": false
      },
      "userResponse": {
        "type": "object",
        "required": [
          "given_name_score",
          "family_name_score",
          "birthdate_score",
          "street_address_score",
          "locality_score",
          "region_score",
          "summary_score",
          "confidence_score"
        ],
        "properties": {
          "given_name_score": {
            "type": "string"
          },
          "middle_name_score": {
            "type": "string"
          },
          "family_name_score": {
            "type": "string"
          },
          "birthdate_score": {
            "type": "string"
          },
          "street_address_score": {
            "type": "string"
          },
          "locality_score": {
            "type": "string"
          },
          "region_score": {
            "type": "string"
          },
          "postal_code_score": {
            "type": "string"
          },
          "summary_score": {
            "type": "string"
          },
          "confidence_score": {
            "type": "string"
          }
        },
        "additionalProperties": false
      }
    }
  },
  "riskCategoryId": "TBD",
  "sensitivity": 1,
  "userResponseExtraFieldData": {
    "given_name_score": {
      "appDisplay": "value"
    },
    "middle_name_score": {
      "appDisplay": "value"
    },
    "family_name_score": {
      "appDisplay": "value"
    },
    "birthdate_score": {
      "appDisplay": "doNotDisplay"
    },
    "street_address_score": {
      "appDisplay": "value"
    },
    "locality_score": {
      "appDisplay": "value"
    },
    "region_score": {
      "appDisplay": "value"
    },
    "postal_code_score": {
      "appDisplay": "value"
    },
    "summary_score": {
      "appDisplay": "value"
    },
    "confidence_score": {
      "appDisplay": "value"
    }
  }
}