{
    "schema": {
        "$schema": "http://json-schema.org/draft-04/schema",
        "id": "vme://services/mobileIdentification#",
        "description": "Schema for phone number service",
        "definitions": {
            "appParameters": {
                "type": "object",
                "required": [
                    "mobile_token"
                ],
                "properties": {
                    "mobile_token": {
                        "type": "string"
                    }
                },
                "additionalProperties": false
            },
            "dacParameters": {
                "type": "object",
                "required": [],
                "properties": {},
                "additionalProperties": false
            },
            "dacResponse": {
                "type": "object",
                "required": [
                    "phone_number"
                ],
                "properties": {
                    "phone_number": {
                        "$ref": "vme://assets/common#/phone_number"
                    }
                },
                "additionalProperties": false
            },
            "userResponse": {
                "type": "object",
                "required": [
                    "phone_number"
                ],
                "properties": {
                    "phone_number": {
                        "$ref": "vme://assets/common#/phone_number"
                    }
                },
                "additionalProperties": false
            }
        }
    },
    "riskCategoryId": "TBD",
    "sensitivity": 1,
    "userResponseExtraFieldData": {
        "phone_number": {
            "appDisplay": "value"
        }
    }
}