{
  "schema": {
    "$schema": "http://json-schema.org/draft-04/schema",
    "id": "vme://services/mydapService#",
    "description": "Schema for sample mydap service, requires no user interaction",
    "definitions": {
      "appParameters": {
        "type": "object",
        "required": [],
        "properties": {},
        "additionalProperties": false
      },
      "dacParameters": {
        "type": "object",
        "required": [],
        "properties": {},
        "additionalProperties": false
      },
      "dacResponse": {
        "type": "object",
        "required": ["given_name"],
        "properties": {
          "given_name": {
            "type": "string"
          },
          "address": {
            "$ref": "vme://assets/common#/address"
          }
        },
        "additionalProperties": false
      },
      "userResponse": {
        "type": "object",
        "required": ["given_name"],
        "properties": {
          "given_name": {
            "type": "string"
          },
          "address": {
            "$ref": "vme://assets/common#/address"
          }
        },
        "additionalProperties": false
      }
    }
  },
  "dapRequiresDacId": true,
  "riskCategoryId": "TBD",
  "sensitivity": 1,
  "userResponseExtraFieldData": {
    "given_name": {
      "appDisplay": "hidden",
      "hiddenFieldGroup": "chicken"
    },
    "address": {
      "appDisplay": "value"
    }
  }
}
