{
    "schema": {
        "$schema": "http://json-schema.org/draft-04/schema",
        "id": "vme://services/mydapServiceURL#",
        "description": "Schema for sample mydap service, requires URL interaction",
        "definitions": {
            "appParameters": {
                "type": "object",
                "required": [],
                "properties": {},
                "additionalProperties": false
            },
            "dacParameters": {
                "type": "object",
                "required": [],
                "properties": {},
                "additionalProperties": false
            },
            "dacResponse": {
                "type": "object",
                "required": [
                    "given_name"
                ],
                "properties": {
                    "given_name": {
                        "type": "string"
                    }
                },
                "additionalProperties": false
            },
            "userResponse": {
                "type": "object",
                "required": [
                    "given_name"
                ],
                "properties": {
                    "given_name": {
                        "type": "string"
                    }
                },
                "additionalProperties": false
            }
        }
    },
    "riskCategoryId": "TBD",
    "sensitivity": 1,
    "userResponseExtraFieldData": {
        "given_name": {
            "appDisplay": "value"
        }
    }
}