{
  "faqs": [
    {
      "question": "What is identity verification with my financial institution?",
      "answer": "<p>The identity verification service enables individuals to create new accounts, access services and receive payments with ultimate convenience and control, using bank-verified information from their personal banking app.</p>"
    },
    {
      "question": "How do I use my financial institution to open an account or access services with Insurance.co?",
      "answer": "<p>Participating financial institutions have made it efficient, to create new accounts, access services and make or receive payments at Insurance.co. While the steps may vary slightly from financial institution to financial institution, here are the general steps to getting started:</p><ol><li>The first thing you’ll want to do is make sure your personal information is up-to-date with your financial institution.</li><li>Click on “Continue.”</li><li>Select your financial institution from the list of participating banks and credit unions.</li><li>Follow the prompts from your financial institution to start verifying your identity with your financial institution. </li></ol>"
    },
    {
      "question": "What are the benefits of using identity verification through my financial institution when opening an account or accessing services with Insurance.co?",
      "answer": "<p><b>IT’S FAST:</b> Save time filling out the forms we request by using information from your financial institution to share information quickly.</p><p><b>IT’S SAFE:</b> Protect your personal information by using the mobile banking app you trust.</p><p><b>IT’S EASY:</b> You have control over whether, when and how we use your personal information.</p>"
    },
    {
      "question": "Is there anything I need to do before I open an account or access services with Insurance.co with identify verification through my financial institution?",
      "answer": "<p>Ensure the personal information you have on file with your bank or credit union is correct. We recommend that you make any updates or changes to your personal information with your financial institution before using the service.</p>"
    },
    {
      "question": "What do I need to do to open an account or access services with Insurance.co through my financial institution?",
      "answer": "<p>You must have an account in the U.S. with a participating financial institution and be enrolled in online or mobile banking. Be sure to check with your financial institution for any additional requirements.</p>"
    },
    {
      "question": "When I use my my financial institution to open an account or access services with Insurance.co, is my information protected?",
      "answer": "<p>Insurance.co has no access to the credentials you use to log in to your financial institution or any of your information outside of what you have consented to share. The identity verification service uses strong, leading-edge security protocols to help prevent your personal information from being identified, accessed or misused.</p>"
    },
    {
      "question": "I’m having trouble using this service after I click continue and selected my financial institution. What should I do?",
      "answer": "<p>Contact the support team at your financial institution for help.</p>"
    },
    {
      "question": "Are there any fees to use the identity verification service to open an account or access services with Insurance.co?",
      "answer": "<p>Insurance.co does not charge any fees to use this service.</p>"
    },
    {
      "question": "What information from my financial institution is shared with Insurance.co?",
      "answer": "<p>Your personal information is only shared under your explicit consent and can be reviewed at any time. The personal Information shared is limited to personal identity and contact details that you give your permission to share. Your personal information shared does not contain your financial transactions, balances, or other financial information.</p>"
    }
  ]
}
