{
  "schema": {
    "$schema": "http://json-schema.org/draft-04/schema#",
    "id": "vme://assets/baseIdentityBundle#",
    "required": [
      "name", "addresses", "phone_numbers", "emails"
    ],
    "properties": {
      "name": {
        "type": "object",
        "properties": {
          "family_name": {
            "type": "string"
          },
          "given_name": {
            "type": "string"
          },
          "middle_name": {
            "type": "string"
          },
          "Title": {
            "type": "string"
          }
        }
      },
      "addresses": {
        "type": "array",
        "items": {
          "type": "object",
          "properties": {
            "street_address": {
              "type": "string"
            },
            "city": {
              "type": "string"
            },
            "region": {
              "type": "string"
            },
            "postal_code": {
              "type": "string"
            },
            "country": {
              "type": "string"
            },
            "primary": {
              "type": "boolean"
            }

          }
        }
      },
      "phone_numbers": {
        "type": "array",
        "items": {
          "type": "object",
          "properties": {
            "phone_number": {
              "type": "string"
            },
            "primary": {
              "type":  "boolean"
            },
            "phone_type": {
              "type": "string"
            }
          }
        }
      },
      "emails": {
        "type": "array",
        "items": {
          "type": "object",
          "properties": {
            "email": {
              "type": "string"
            },
            "primary": {
              "type": "boolean"
            },
            "email_type": {
              "type": "string"
            }
          }
        }
      },
      "identity": {
        "type": "object",
        "properties": {
          "tax_id": {
            "type": "string"
          },
          "identity_type": {
            "type": "string"
          },
          "dob": {
            "type": "string",
            "pattern": "^[0-9]{4}(-[0-9]{2}-[0-9]{2})?$"
          }
        }
      },
      "accounts": {
        "type": "array",
        "items": {
          "type": "object",
          "properties": {
            "account_number": {
              "type": "string"
            },
            "routing_number": {
              "type": "string"
            },
            "account_age": {
              "type": "string"
            },
            "primary": {
              "type":  "boolean"
            },
            "account_type": {
              "type": "string"
            }
          }
        }
      }
    },
    "additionalProperties": false
  },
  "riskCategoryId": "Identity",
  "extraFieldData": {
    "name": {
      "sensitivity": 2,
      "appDisplay": "value"
    },
    "addresses": {
      "sensitivity": 2,
      "appDisplay": "value"
    },
    "phone_numbers": {
      "sensitivity": 2,
      "appDisplay": "value"
    },
    "identity": {
      "sensitivity": 2,
      "appDisplay": "value"
    },
    "emails": {
      "sensitivity": 2,
      "appDisplay": "value"
    },
    "accounts": {
      "sensitivity": 2,
      "appDisplay": "value"
    }
  }
}