{
    "schema" : {
        "$schema": "http://json-schema.org/draft-04/schema#",
        "id": "vme://assets/common#",
        "description" : "schema to define common objects",
        "address" : {
            "id" : "#address",
            "type":"object",
            "required" : ["street_address", "region","country"],
            "properties" : {
                "street_address" : {
                    "type" : "string"
                },
                "locality" : {
                    "type" : "string"
                },
                "region" : {
                    "type" : "string"
                },
                "postal_code" : {
                    "type" : "string"
                },
                "country" : {
                    "type" : "string"
                },
				"address_type": {
				"type": "string",
				"enum": ["home", "secondary home", "business"]
                }
            },
            "additionalProperties": false
        },
        "phone_number" : {
            "id" : "#phone_number",
            "type":"string",
            "pattern": "^\\+?[1-9]\\d{1,14}$"
        }
    },
   "riskCategoryId": "TBD"
}