{
  "schema": {
    "$schema": "http://json-schema.org/draft-04/schema#",
    "id": "vme://assets/creditBureauIdentity#",
    "required": [
      "given_name", "family_name", "address", "birthdate", "cb_id", "file_number", "hrfa", "6and2_flag", "36mo_flag"
    ],
    "properties": {
      "title": {
        "type": "string"
      },
      "given_name": {
        "type": "string"
      },
      "middle_name": {
        "type": "string"
      },
      "family_name": {
        "type": "string"
      },
      "honorific": {
        "type": "string"
      },
      "phone_number": {
        "$ref": "vme://assets/common#/phone_number"
      },
      "address": {
        "$ref": "vme://assets/common#/address"
      },
      "birthdate": {
        "type": "string",
        "pattern": "^[0-9]{4}(-[0-9]{2}-[0-9]{2})?$"
      },
      "cb_id": {
        "type": "string"
      },
      "file_number": {
        "type": "string"
      },
      "hrfa": {
        "type": "boolean"
      },
      "6and2_flag": {
        "type": "boolean"
      },
      "36mo_flag": {
        "type": "boolean"
      },
      "digi_ver": {
        "type": "boolean"
      }
    },
    "additionalProperties": false
  },
  "dapRequiresDacId": false,
  "riskCategoryId": "TBD",
  "extraFieldData": {
    "title": {
      "sensitivity": 1,
      "appDisplay": "value"
    },
    "given_name": {
      "sensitivity": 1,
      "appDisplay": "value"
    },
    "middle_name": {
      "sensitivity": 1,
      "appDisplay": "value"
    },
    "family_name": {
      "sensitivity": 1,
      "appDisplay": "value"
    },
    "honorific": {
      "sensitivity": 1,
      "appDisplay": "value"
    },
    "phone_number": {
      "sensitivity": 1,
      "appDisplay": "value"
    },
    "address": {
      "sensitivity": 1,
      "appDisplay": "value"
    },
    "birthdate": {
      "sensitivity": 1,
      "appDisplay": "doNotDisplay"
    },
    "cb_id": {
      "sensitivity": 1,
      "appDisplay": "hidden",
      "hiddenFieldGroup": "creditInformation"
    },
    "file_number": {
      "sensitivity": 1,
      "appDisplay": "hidden",
      "hiddenFieldGroup": "creditInformation"
    },
    "hrfa": {
      "sensitivity": 1,
      "appDisplay":"hidden",
      "hiddenFieldGroup":"creditInformation"
    },
    "6and2_flag": {
      "sensitivity": 1,
      "appDisplay":"hidden",
      "hiddenFieldGroup":"creditInformation"
    },
    "36mo_flag": {
      "sensitivity": 1,
      "appDisplay":"hidden",
      "hiddenFieldGroup":"creditInformation"
    },
    "digi_ver": {
      "sensitivity": 1,
      "appDisplay":"hidden",
      "hiddenFieldGroup":"creditInformation"
    }
  }
}
