{
  "schema": {
    "$schema": "http://json-schema.org/draft-04/schema#",
    "id": "vme://assets/fiCustomerRef#",
    "required": [
      "given_name",
      "family_name",
      "birthdate",
      "customer_ref_num",
      "verification_date",
      "account"
    ],
    "properties": {
      "title": {
        "type": "string"
      },
      "given_name": {
        "type": "string"
      },
      "middle_name": {
        "type": "string"
      },
      "family_name": {
        "type": "string"
      },
      "honorific": {
        "type": "string"
      },
      "phone_number": {
        "$ref": "vme://assets/common#/phone_number"
      },
      "address": {
        "$ref": "vme://assets/common#/address"
      },
      "birthdate": {
        "type": "string",
        "pattern": "^[0-9]{4}(-[0-9]{2}-[0-9]{2})?$"
      },
      "email": {
        "type": "string"
      },
      "customer_ref_num": {
        "type": "string"
      },
      "verification_date": {
        "type": "string",
        "pattern": "^[0-9]{4}(-[0-9]{2}-[0-9]{2})?$"
      },
      "account": {
        "id": "#accountInfo",
        "type": "object",
        "required": ["institution", "active"],
        "properties": {
          "type": {
            "enum": ["deposit", "loan", "credit card"]
          },
          "number": {
            "type": "string"
          },
          "institution": {
            "type": "string"
          },
          "active": {
            "type": "boolean"
          }
        },
        "additionalProperties": false
      }
    },
    "additionalProperties": false
  },
  "dapRequiresDacId": false,
  "riskCategoryId": "TBD",
  "extraFieldData": {
    "title": {
      "sensitivity": 1,
      "appDisplay": "value"
    },
    "given_name": {
      "sensitivity": 1,
      "appDisplay": "value"
    },
    "middle_name": {
      "sensitivity": 1,
      "appDisplay": "value"
    },
    "family_name": {
      "sensitivity": 1,
      "appDisplay": "value"
    },
    "honorific": {
      "sensitivity": 1,
      "appDisplay": "value"
    },
    "phone_number": {
      "sensitivity": 1,
      "appDisplay": "value"
    },
    "address": {
      "sensitivity": 1,
      "appDisplay": "value"
    },
    "birthdate": {
      "sensitivity": 1,
      "appDisplay": "doNotDisplay"
    },
    "email": {
      "sensitivity": 1,
      "appDisplay": "value"
    },
    "customer_ref_num": {
      "sensitivity": 1,
      "appDisplay": "value"
    },
    "verification_date": {
      "sensitivity": 1,
      "appDisplay": "value"
    },
    "account": {
      "sensitivity": 1,
      "appDisplay": "doNotDisplay"
    }
  }
}
