{
  "schema": {
    "$schema": "http://json-schema.org/draft-04/schema#",
    "id": "vme://assets/foundationalIdentityPending#",
    "required": ["given_name", "family_name", "address", "birthdate"],
    "properties": {
      "title": {
        "type": "string"
      },
      "given_name": {
        "type": "string"
      },
      "middle_name": {
        "type": "string"
      },
      "family_name": {
        "type": "string"
      },
      "honorific": {
        "type": "string"
      },
      "phone_number": {
        "$ref": "vme://assets/common#/phone_number"
      },
      "address": {
        "$ref": "vme://assets/common#/address"
      },
      "birthdate": {
        "type": "string",
        "pattern": "^[0-9]{4}(-[0-9]{2}-[0-9]{2})?$"
      },
      "email": {
        "type": "string"
      }
    },
    "additionalProperties": false
  },
  "riskCategoryId": "TBD",
  "extraFieldData": {
    "title": {
      "sensitivity": 1,
      "appDisplay": "value"
    },
    "given_name": {
      "sensitivity": 1,
      "appDisplay": "value"
    },
    "middle_name": {
      "sensitivity": 1,
      "appDisplay": "value"
    },
    "family_name": {
      "sensitivity": 1,
      "appDisplay": "value"
    },
    "honorific": {
      "sensitivity": 1,
      "appDisplay": "value"
    },
    "phone_number": {
      "sensitivity": 2,
      "appDisplay": "value"
    },
    "address": {
      "sensitivity": 2,
      "appDisplay": "value"
    },
    "birthdate": {
      "sensitivity": 3,
      "appDisplay": "doNotDisplay"
    },
    "email": {
      "sensitivity": 2,
      "appDisplay": "value"
    }
  }
}
