{
  "schema": {
    "$schema": "http://json-schema.org/draft-04/schema#",
    "id": "vme://assets/mydapIdentityLicense#",
    "required": [
      "given_name", "middle_name", "family_name", "favorite_color", "favorite_song", "pet_name"
    ],
    "properties": {
      "given_name": {
        "type": "string"
      },
      "middle_name": {
        "type": "string"
      },
      "family_name": {
        "type": "string"
      },
      "favorite_color": {
        "type": "string"
      },
      "favorite_song": {
        "type": "string"
      },
      "pet_name": {
        "type": "string"
      }
    },
    "additionalProperties": false
  },
  "riskCategoryId": "TBD",
  "extraFieldData": {
    "given_name": {
      "sensitivity": 1,
      "appDisplay": "value"
    },
    "middle_name": {
      "sensitivity": 1,
      "appDisplay": "value"
    },
    "family_name": {
      "sensitivity": 1,
      "appDisplay": "value"
    },
    "favorite_color": {
      "sensitivity": 1,
      "appDisplay": "value"
    },
    "favorite_song": {
      "sensitivity": 1,
      "appDisplay": "value"
    },
    "pet_name": {
      "sensitivity": 1,
      "appDisplay": "value"
    }
  }
}